OBJECTID,COUNTRY,year,data
2829,Albania,1990,0.09000000000
3604,Albania,1995,0.07000000000
10924,Albania,2000,0.05000000000
11744,Albania,2005,0.60000000000
12564,Albania,2010,0.02000000000
19048,Algeria,1920,3.90000000000
19049,Algeria,1925,2.30000000000
19050,Algeria,1930,1.20000000000
19051,Algeria,1935,1.10000000000
19052,Algeria,1940,1.15000000000
19053,Algeria,1945,1.40000000000
19054,Algeria,1950,0.20000000000
19059,Algeria,1955,0.20000000000
19064,Algeria,1960,0.20000000000
4852,Algeria,1965,0.20000000000
3,Algeria,1970,0.20000000000
675,Algeria,1975,1.21000000000
1385,Algeria,1980,1.46000000000
2105,Algeria,1985,1.10000000000
2830,Algeria,1990,1.16000000000
3605,Algeria,1995,0.01000000000
10925,Algeria,2000,0.02000000000
11745,Algeria,2005,0.01000000000
19072,Angola,1920,3.50000000000
19073,Angola,1925,6.30000000000
19074,Angola,1930,11.80000000000
19075,Angola,1935,10.30000000000
19076,Angola,1940,15.80000000000
19077,Angola,1945,30.90000000000
19078,Angola,1950,37.60000000000
19083,Angola,1955,60.20000000000
19088,Angola,1960,118.21000000000
19093,Angola,1965,159.17000000000
19098,Angola,1970,180.58000000000
676,Angola,1975,159.90000000000
1386,Angola,1980,47.22000000000
2106,Angola,1985,18.66000000000
2831,Angola,1990,5.67000000000
3606,Angola,1995,1.56000000000
10926,Angola,2000,1.97000000000
11746,Angola,2005,0.43000000000
12566,Angola,2010,0.27000000000
7543,Argentina,1935,0.01000000000
7873,Argentina,1940,0.06000000000
8198,Argentina,1945,0.10000000000
8566,Argentina,1950,0.10000000000
8979,Argentina,1955,0.10000000000
4261,Argentina,1960,0.10000000000
4853,Argentina,1965,0.10000000000
4,Argentina,1970,0.10000000000
677,Argentina,1975,0.10000000000
1387,Argentina,1980,0.10000000000
2107,Argentina,1985,0.24000000000
2832,Argentina,1990,0.86000000000
3607,Argentina,1995,0.10000000000
10927,Argentina,2000,0.10000000000
11747,Argentina,2005,0.10000000000
3608,Armenia,1995,1.10000000000
10928,Armenia,2000,1.20000000000
11748,Armenia,2005,2.67000000000
12568,Armenia,2010,0.14000000000
7544,Australia,1935,0.02000000000
7874,Australia,1940,0.02000000000
8199,Australia,1945,0.30000000000
8567,Australia,1950,0.10000000000
8980,Australia,1955,0.10000000000
4262,Australia,1960,0.06000000000
4854,Australia,1965,0.08000000000
5,Australia,1970,0.16000000000
678,Australia,1975,0.09000000000
1388,Australia,1980,0.06000000000
2108,Australia,1985,0.05000000000
2833,Australia,1990,0.03000000000
3609,Australia,1995,0.75000000000
10929,Australia,2000,3.00000000000
11749,Australia,2005,0.57000000000
12569,Australia,2010,0.51000000000
7223,Austria,1930,2.60000000000
7545,Austria,1935,1.10000000000
7875,Austria,1940,0.86000000000
8200,Austria,1945,0.41000000000
8568,Austria,1950,0.32000000000
8981,Austria,1955,0.11000000000
4263,Austria,1960,0.03000000000
4855,Austria,1965,0.07000000000
6,Austria,1970,0.00500000000
679,Austria,1975,0.26000000000
1389,Austria,1980,0.06000000000
2109,Austria,1985,6.50000000000
2834,Austria,1990,2.18000000000
3610,Austria,1995,4.47000000000
10930,Austria,2000,0.30000000000
11750,Austria,2005,1.36000000000
12570,Austria,2010,0.54000000000
1391,Bangladesh,1980,0.01000000000
2111,Bangladesh,1985,0.01000000000
2836,Bangladesh,1990,0.02000000000
3613,Bangladesh,1995,0.02000000000
10933,Bangladesh,2000,0.02000000000
11753,Bangladesh,2005,0.02000000000
7224,Belgium,1930,0.40000000000
7546,Belgium,1935,0.10000000000
7876,Belgium,1940,0.01000000000
8201,Belgium,1945,2.70000000000
8569,Belgium,1950,5.50000000000
8982,Belgium,1955,1.80000000000
4264,Belgium,1960,3.72000000000
4856,Belgium,1965,0.19000000000
7,Belgium,1970,0.03000000000
682,Belgium,1975,0.64000000000
1392,Belgium,1980,5.93000000000
2112,Belgium,1985,7.04000000000
2837,Belgium,1990,6.25000000000
3614,Belgium,1995,5.50000000000
10934,Belgium,2000,7.40000000000
11754,Belgium,2005,9.20000000000
12574,Belgium,2010,2.14300000000
19432,Belize,1950,0.01000000000
19434,Belize,1955,0.01000000000
19439,Belize,1960,0.01000000000
19444,Belize,1965,0.01000000000
19449,Belize,1970,0.01000000000
19454,Belize,1975,0.01000000000
19459,Belize,1980,0.01000000000
2113,Belize,1985,0.01000000000
2838,Belize,1990,0.02000000000
3615,Belize,1995,0.05000000000
10935,Belize,2000,0.05000000000
11755,Belize,2005,0.06000000000
4265,Benin,1960,2.09000000000
4857,Benin,1965,0.89000000000
8,Benin,1970,1.94000000000
683,Benin,1975,0.48000000000
1393,Benin,1980,0.32000000000
2114,Benin,1985,0.28000000000
2839,Benin,1990,0.21000000000
3617,Benin,1995,0.16000000000
10937,Benin,2000,0.50000000000
11757,Benin,2005,0.40000000000
1394,Bhutan,1980,0.03000000000
2115,Bhutan,1985,0.04000000000
2840,Bhutan,1990,0.08000000000
3618,Bhutan,1995,0.08000000000
10938,Bhutan,2000,0.10000000000
11758,Bhutan,2005,0.05000000000
6044,Bolivia,1910,0.80000000000
6320,Bolivia,1915,1.50000000000
6598,Bolivia,1920,2.30000000000
6910,Bolivia,1925,1.00000000000
7225,Bolivia,1930,1.80000000000
7547,Bolivia,1935,0.08000000000
7877,Bolivia,1940,0.07000000000
8202,Bolivia,1945,1.00000000000
8571,Bolivia,1950,1.60000000000
8984,Bolivia,1955,1.10000000000
4267,Bolivia,1960,0.84000000000
4859,Bolivia,1965,1.19000000000
10,Bolivia,1970,3.96000000000
685,Bolivia,1975,5.12000000000
1395,Bolivia,1980,5.50000000000
2116,Bolivia,1985,6.81000000000
2841,Bolivia,1990,9.61000000000
3619,Bolivia,1995,5.74000000000
10939,Bolivia,2000,6.38000000000
11759,Bolivia,2005,5.45000000000
12579,Bolivia,2010,4.38000000000
9062,Yugoslavia,1955,0.01000000000
4368,Yugoslavia,1960,0.01000000000
4974,Yugoslavia,1965,0.01000000000
132,Yugoslavia,1970,0.01000000000
813,Yugoslavia,1975,0.01000000000
1525,Yugoslavia,1980,0.01000000000
2247,Yugoslavia,1985,0.01000000000
2971,Yugoslavia,1990,0.01000000000
3620,Bosnia-Herzegovina,1995,0.01000000000
10940,Bosnia-Herzegovina,2000,0.46000000000
11760,Bosnia-Herzegovina,2005,0.01000000000
19609,Botswana,1960,0.01000000000
19614,Botswana,1965,0.01000000000
11,Botswana,1970,0.01000000000
686,Botswana,1975,0.01000000000
1396,Botswana,1980,0.01000000000
2117,Botswana,1985,0.01000000000
2842,Botswana,1990,0.01000000000
3621,Botswana,1995,0.01000000000
10941,Botswana,2000,0.01000000000
11761,Botswana,2005,0.01000000000
12581,Botswana,2010,0.02000000000
5767,Brazil,1905,940.80000000000
6045,Brazil,1910,583.40000000000
6321,Brazil,1915,616.90000000000
6599,Brazil,1920,691.50000000000
6911,Brazil,1925,712.50000000000
7226,Brazil,1930,917.30000000000
7548,Brazil,1935,919.70000000000
7878,Brazil,1940,722.70000000000
8203,Brazil,1945,850.30000000000
8572,Brazil,1950,890.10000000000
8985,Brazil,1955,821.70000000000
4268,Brazil,1960,1018.23000000000
4860,Brazil,1965,808.93000000000
12,Brazil,1970,962.63000000000
687,Brazil,1975,781.99000000000
1397,Brazil,1980,784.47000000000
2118,Brazil,1985,1033.61000000000
2843,Brazil,1990,853.23000000000
3622,Brazil,1995,721.31000000000
10942,Brazil,2000,967.04000000000
11762,Brazil,2005,1352.10000000000
12582,Brazil,2010,1791.06000000000
19624,Brunei,1960,0.10000000000
19629,Brunei,1965,0.10000000000
19634,Brunei,1970,0.10000000000
19639,Brunei,1975,0.10000000000
19644,Brunei,1980,0.10000000000
2119,Brunei,1985,0.10000000000
2844,Brunei,1990,0.10000000000
3623,Brunei,1995,0.10000000000
10943,Brunei,2000,0.10000000000
11763,Brunei,2005,0.02000000000
12583,Brunei,2010,0.02000000000
2845,Bulgaria,1990,0.10000000000
3624,Bulgaria,1995,0.10000000000
10944,Bulgaria,2000,0.35000000000
11764,Bulgaria,2005,0.03000000000
12584,Bulgaria,2010,0.34000000000
2846,Burkina,1990,0.10000000000
3625,Burkina,1995,0.10000000000
10945,Burkina,2000,0.04000000000
11765,Burkina,2005,0.10000000000
12585,Burkina,2010,0.19000000000
19660,Burundi,1960,13.40000000000
4864,Burundi,1965,12.50000000000
16,Burundi,1970,20.27000000000
691,Burundi,1975,26.04000000000
1401,Burundi,1980,18.53000000000
2123,Burundi,1985,34.10000000000
2848,Burundi,1990,31.88000000000
3627,Burundi,1995,38.73000000000
10947,Burundi,2000,21.53000000000
11767,Burundi,2005,23.05000000000
12587,Burundi,2010,20.21000000000
18983,Côte d`Ivoire,1910,0.25000000000
18984,Côte d`Ivoire,1915,6.80000000000
18985,Côte d`Ivoire,1920,17.30000000000
18986,Côte d`Ivoire,1925,9.80000000000
18987,Côte d`Ivoire,1930,11.30000000000
18988,Côte d`Ivoire,1935,12.40000000000
18989,Côte d`Ivoire,1940,24.80000000000
18990,Côte d`Ivoire,1945,35.70000000000
18991,Côte d`Ivoire,1950,88.70000000000
18996,Côte d`Ivoire,1955,132.40000000000
4308,Côte d`Ivoire,1960,153.77000000000
4903,Côte d`Ivoire,1965,185.65000000000
57,Côte d`Ivoire,1970,195.31000000000
734,Côte d`Ivoire,1975,254.77000000000
1445,Côte d`Ivoire,1980,206.43000000000
2167,Côte d`Ivoire,1985,240.57000000000
2892,Côte d`Ivoire,1990,170.60000000000
3674,Côte d`Ivoire,1995,132.02000000000
10994,Côte d`Ivoire,2000,308.06000000000
11814,Côte d`Ivoire,2005,119.54000000000
12634,Côte d`Ivoire,2010,96.45000000000
19661,Cambodia,1935,3.30000000000
19662,Cambodia,1940,0.20000000000
19663,Cambodia,1945,3.40000000000
19664,Cambodia,1950,7.70000000000
8988,Cambodia,1955,13.90000000000
4272,Cambodia,1960,4.30000000000
4865,Cambodia,1965,2.01000000000
17,Cambodia,1970,1.70000000000
692,Cambodia,1975,3.50000000000
1402,Cambodia,1980,1.30000000000
2124,Cambodia,1985,0.86000000000
2849,Cambodia,1990,0.40000000000
3628,Cambodia,1995,0.02000000000
10948,Cambodia,2000,0.01000000000
11768,Cambodia,2005,0.01000000000
19672,Cameroon,1930,1.40000000000
19673,Cameroon,1935,4.20000000000
19674,Cameroon,1940,0.20000000000
19675,Cameroon,1945,6.70000000000
19676,Cameroon,1950,0.20000000000
19681,Cameroon,1955,0.20000000000
4273,Cameroon,1960,35.48000000000
4866,Cameroon,1965,48.28000000000
18,Cameroon,1970,62.56000000000
693,Cameroon,1975,93.73000000000
1403,Cameroon,1980,91.57000000000
2125,Cameroon,1985,100.37000000000
2850,Cameroon,1990,157.15000000000
3629,Cameroon,1995,62.74000000000
10949,Cameroon,2000,88.87000000000
11769,Cameroon,2005,43.39000000000
12589,Cameroon,2010,47.94000000000
7228,Canada,1930,3.00000000000
7550,Canada,1935,0.08000000000
7880,Canada,1940,0.10000000000
8205,Canada,1945,0.10000000000
8575,Canada,1950,0.10000000000
8989,Canada,1955,0.10000000000
4274,Canada,1960,0.10000000000
4867,Canada,1965,0.10000000000
19,Canada,1970,0.10000000000
694,Canada,1975,0.20000000000
1404,Canada,1980,1.60000000000
2126,Canada,1985,3.20000000000
2851,Canada,1990,4.86000000000
3630,Canada,1995,4.90000000000
10950,Canada,2000,6.87000000000
11770,Canada,2005,10.61000000000
12590,Canada,2010,9.44000000000
19686,Central African Republic,1950,1.20000000000
19691,Central African Republic,1955,2.30000000000
4275,Central African Republic,1960,7.27000000000
4868,Central African Republic,1965,7.64000000000
20,Central African Republic,1970,8.50000000000
695,Central African Republic,1975,9.77000000000
1405,Central African Republic,1980,10.91000000000
2127,Central African Republic,1985,16.52000000000
2852,Central African Republic,1990,12.02000000000
3631,Central African Republic,1995,13.70000000000
10951,Central African Republic,2000,12.33000000000
11771,Central African Republic,2005,4.06000000000
12591,Central African Republic,2010,1.93000000000
5770,Chile,1905,0.40000000000
6048,Chile,1910,0.30000000000
6324,Chile,1915,0.20000000000
6602,Chile,1920,0.50000000000
6914,Chile,1925,0.60000000000
7229,Chile,1930,0.10000000000
7551,Chile,1935,1.50000000000
7881,Chile,1940,1.20000000000
8206,Chile,1945,1.10000000000
8576,Chile,1950,1.00000000000
8990,Chile,1955,1.00000000000
4277,Chile,1960,1.00000000000
4870,Chile,1965,1.00000000000
22,Chile,1970,1.00000000000
697,Chile,1975,1.00000000000
1407,Chile,1980,1.00000000000
2129,Chile,1985,1.10000000000
2854,Chile,1990,1.20000000000
3633,Chile,1995,1.20000000000
10953,Chile,2000,0.07000000000
11773,Chile,2005,0.08000000000
8577,China,1950,0.10000000000
8991,China,1955,0.20000000000
4278,China,1960,3.67000000000
4871,China,1965,17.92000000000
23,China,1970,32.30000000000
698,China,1975,8.80000000000
1408,China,1980,0.36000000000
2130,China,1985,18.93000000000
2855,China,1990,3.22000000000
3634,China,1995,0.78000000000
10954,China,2000,3.51000000000
11774,China,2005,11.79000000000
12594,China,2010,32.98000000000
5772,Colombia,1905,12.10000000000
6050,Colombia,1910,24.10000000000
6326,Colombia,1915,62.30000000000
6604,Colombia,1920,86.60000000000
6916,Colombia,1925,58.60000000000
7231,Colombia,1930,190.30000000000
7553,Colombia,1935,226.10000000000
7883,Colombia,1940,266.60000000000
8208,Colombia,1945,309.00000000000
8578,Colombia,1950,268.80000000000
8992,Colombia,1955,352.00000000000
4279,Colombia,1960,339.05000000000
4872,Colombia,1965,338.06000000000
24,Colombia,1970,390.38000000000
699,Colombia,1975,490.50000000000
1409,Colombia,1980,660.08000000000
2131,Colombia,1985,585.29000000000
2856,Colombia,1990,811.43000000000
3635,Colombia,1995,558.75000000000
10955,Colombia,2000,508.40000000000
11775,Colombia,2005,616.38000000000
12595,Colombia,2010,410.49000000000
19703,Comoros,1960,0.04000000000
19708,Comoros,1965,0.04000000000
19713,Comoros,1970,0.10000000000
700,Comoros,1975,0.06000000000
1410,Comoros,1980,0.02000000000
2132,Comoros,1985,0.01000000000
2857,Comoros,1990,0.01000000000
3636,Comoros,1995,0.01000000000
10956,Comoros,2000,0.01000000000
11776,Comoros,2005,0.02000000000
12596,Comoros,2010,0.03000000000
5773,Costa Rica,1905,17.30000000000
6051,Costa Rica,1910,14.40000000000
6327,Costa Rica,1915,15.10000000000
6605,Costa Rica,1920,13.90000000000
6917,Costa Rica,1925,19.20000000000
7232,Costa Rica,1930,23.50000000000
7554,Costa Rica,1935,24.30000000000
7884,Costa Rica,1940,18.70000000000
8209,Costa Rica,1945,21.80000000000
8579,Costa Rica,1950,16.90000000000
8993,Costa Rica,1955,28.30000000000
4280,Costa Rica,1960,51.96000000000
4874,Costa Rica,1965,48.28000000000
26,Costa Rica,1970,69.08000000000
702,Costa Rica,1975,78.39000000000
1412,Costa Rica,1980,71.73000000000
2134,Costa Rica,1985,123.57000000000
2859,Costa Rica,1990,124.01000000000
3638,Costa Rica,1995,128.50000000000
10958,Costa Rica,2000,132.70000000000
11778,Costa Rica,2005,112.41000000000
12598,Costa Rica,2010,74.22000000000
5774,Cuba,1905,1.70000000000
6052,Cuba,1910,1.90000000000
6328,Cuba,1915,1.60000000000
6606,Cuba,1920,1.50000000000
6918,Cuba,1925,5.20000000000
7233,Cuba,1930,10.40000000000
7555,Cuba,1935,1.80000000000
7885,Cuba,1940,6.70000000000
8210,Cuba,1945,2.30000000000
8580,Cuba,1950,0.20000000000
8994,Cuba,1955,4.10000000000
4281,Cuba,1960,4.00000000000
4875,Cuba,1965,0.06000000000
27,Cuba,1970,5.01000000000
703,Cuba,1975,10.12000000000
1413,Cuba,1980,9.05000000000
2135,Cuba,1985,11.85000000000
2860,Cuba,1990,10.18000000000
3640,Cuba,1995,5.66000000000
10960,Cuba,2000,6.69000000000
11780,Cuba,2005,2.61000000000
12600,Cuba,2010,0.32000000000
4876,Cyprus,1965,0.30000000000
28,Cyprus,1970,0.20000000000
704,Cyprus,1975,0.40000000000
1414,Cyprus,1980,0.50000000000
2136,Cyprus,1985,0.40000000000
2861,Cyprus,1990,0.55000000000
3641,Cyprus,1995,0.70000000000
10961,Cyprus,2000,0.20000000000
11781,Cyprus,2005,0.02000000000
3762,Czech Republic,1995,0.34000000000
11082,Czech Republic,2000,0.19000000000
11902,Czech Republic,2005,0.24000000000
12722,Czech Republic,2010,0.16000000000
18885,Democratic Republic of the Congo,1920,1.10000000000
18886,Democratic Republic of the Congo,1925,1.00000000000
18887,Democratic Republic of the Congo,1930,5.40000000000
18888,Democratic Republic of the Congo,1935,5.60000000000
18889,Democratic Republic of the Congo,1940,14.10000000000
18890,Democratic Republic of the Congo,1945,27.80000000000
18891,Democratic Republic of the Congo,1950,12.10000000000
18892,Democratic Republic of the Congo,1955,29.70000000000
4363,Democratic Republic of the Congo,1960,33.94000000000
4967,Democratic Republic of the Congo,1965,23.00000000000
125,Democratic Republic of the Congo,1970,58.40000000000
807,Democratic Republic of the Congo,1975,58.83000000000
1519,Democratic Republic of the Congo,1980,74.12000000000
2241,Democratic Republic of the Congo,1985,65.94000000000
2965,Democratic Republic of the Congo,1990,123.96000000000
3758,Democratic Republic of the Congo,1995,68.75000000000
11078,Democratic Republic of the Congo,2000,20.91000000000
11898,Democratic Republic of the Congo,2005,7.63000000000
12718,Democratic Republic of the Congo,2010,5.99000000000
7886,Denmark,1940,0.01000000000
8211,Denmark,1945,0.01000000000
8581,Denmark,1950,0.01000000000
8995,Denmark,1955,0.01000000000
4283,Denmark,1960,0.11000000000
4877,Denmark,1965,0.33000000000
29,Denmark,1970,0.37000000000
705,Denmark,1975,0.27000000000
1415,Denmark,1980,0.20000000000
2137,Denmark,1985,0.25000000000
2862,Denmark,1990,0.20000000000
3642,Denmark,1995,0.02000000000
10962,Denmark,2000,0.15000000000
11782,Denmark,2005,0.05000000000
12602,Denmark,2010,0.67000000000
10963,Djibouti,2000,0.18000000000
11783,Djibouti,2005,0.39000000000
6330,Dominican Republic,1915,1.30000000000
6608,Dominican Republic,1920,6.10000000000
6920,Dominican Republic,1925,5.10000000000
7235,Dominican Republic,1930,4.20000000000
7557,Dominican Republic,1935,8.00000000000
7887,Dominican Republic,1940,8.60000000000
8212,Dominican Republic,1945,17.70000000000
8582,Dominican Republic,1950,12.90000000000
8996,Dominican Republic,1955,24.40000000000
4284,Dominican Republic,1960,20.09000000000
4878,Dominican Republic,1965,24.55000000000
30,Dominican Republic,1970,26.94000000000
706,Dominican Republic,1975,25.04000000000
1417,Dominican Republic,1980,19.95000000000
2139,Dominican Republic,1985,31.47000000000
2864,Dominican Republic,1990,34.52000000000
3644,Dominican Republic,1995,25.36000000000
10964,Dominican Republic,2000,5.97000000000
11784,Dominican Republic,2005,2.28000000000
12604,Dominican Republic,2010,1.79000000000
5777,Ecuador,1905,1.00000000000
6055,Ecuador,1910,3.93000000000
6331,Ecuador,1915,6.20000000000
6609,Ecuador,1920,4.80000000000
6921,Ecuador,1925,5.10000000000
7236,Ecuador,1930,9.50000000000
7558,Ecuador,1935,12.50000000000
7888,Ecuador,1940,14.60000000000
8213,Ecuador,1945,10.70000000000
8583,Ecuador,1950,20.50000000000
8997,Ecuador,1955,23.10000000000
4285,Ecuador,1960,22.86000000000
4879,Ecuador,1965,47.56000000000
31,Ecuador,1970,52.29000000000
707,Ecuador,1975,61.09000000000
1418,Ecuador,1980,53.92000000000
2140,Ecuador,1985,72.05000000000
2865,Ecuador,1990,88.61000000000
3645,Ecuador,1995,77.59000000000
10965,Ecuador,2000,20.08000000000
11785,Ecuador,2005,18.66000000000
12605,Ecuador,2010,21.28000000000
4286,Egypt,1960,0.10000000000
4880,Egypt,1965,0.10000000000
32,Egypt,1970,0.10000000000
708,Egypt,1975,0.10000000000
1419,Egypt,1980,0.18000000000
2141,Egypt,1985,0.23000000000
2866,Egypt,1990,0.48000000000
3646,Egypt,1995,0.20000000000
10966,Egypt,2000,0.10000000000
11786,Egypt,2005,0.03000000000
12606,Egypt,2010,0.32000000000
6056,El Salvador,1910,9.80000000000
6332,El Salvador,1915,18.10000000000
6610,El Salvador,1920,37.60000000000
6923,El Salvador,1925,42.10000000000
7238,El Salvador,1930,58.60000000000
7560,El Salvador,1935,50.10000000000
7890,El Salvador,1940,56.60000000000
8215,El Salvador,1945,57.70000000000
8585,El Salvador,1950,69.30000000000
8999,El Salvador,1955,63.20000000000
4287,El Salvador,1960,86.57000000000
4881,El Salvador,1965,99.86000000000
33,El Salvador,1970,117.78000000000
709,El Salvador,1975,142.35000000000
1420,El Salvador,1980,146.79000000000
2142,El Salvador,1985,148.09000000000
2867,El Salvador,1990,123.89000000000
3647,El Salvador,1995,113.20000000000
10967,El Salvador,2000,150.40000000000
11787,El Salvador,2005,75.66000000000
12607,El Salvador,2010,64.43000000000
4288,Equatorial Guinea,1960,8.80000000000
4882,Equatorial Guinea,1965,6.96000000000
34,Equatorial Guinea,1970,6.60000000000
710,Equatorial Guinea,1975,2.15000000000
1421,Equatorial Guinea,1980,0.17000000000
2143,Equatorial Guinea,1985,0.79000000000
2868,Equatorial Guinea,1990,1.00000000000
3648,Equatorial Guinea,1995,0.52000000000
10968,Equatorial Guinea,2000,0.02000000000
11788,Equatorial Guinea,2005,0.01000000000
18943,Eritrea,1930,2.40000000000
18944,Eritrea,1935,1.40000000000
18945,Eritrea,1940,0.15000000000
18946,Eritrea,1945,0.17000000000
18947,Eritrea,1950,0.18000000000
18948,Eritrea,1955,0.12000000000
18949,Eritrea,1960,0.41000000000
18954,Eritrea,1965,0.32000000000
18959,Eritrea,1970,0.25000000000
18964,Eritrea,1975,0.10000000000
18969,Eritrea,1980,0.10000000000
18974,Eritrea,1985,0.10000000000
18979,Eritrea,1990,0.10000000000
3764,Eritrea,1995,0.10000000000
11084,Eritrea,2000,0.10000000000
11904,Eritrea,2005,0.20000000000
3649,Estonia,1995,0.01000000000
10969,Estonia,2000,0.01000000000
11789,Estonia,2005,0.01000000000
12609,Estonia,2010,0.07000000000
7240,Ethiopia,1930,5.10000000000
7562,Ethiopia,1935,111.40000000000
7892,Ethiopia,1940,29.80000000000
8216,Ethiopia,1945,10.00000000000
8586,Ethiopia,1950,18.70000000000
9000,Ethiopia,1955,41.80000000000
4289,Ethiopia,1960,56.02000000000
4883,Ethiopia,1965,82.00000000000
35,Ethiopia,1970,70.86000000000
711,Ethiopia,1975,57.72000000000
1422,Ethiopia,1980,76.25000000000
2144,Ethiopia,1985,68.00000000000
2869,Ethiopia,1990,67.00000000000
3650,Ethiopia,1995,22.92000000000
10970,Ethiopia,2000,118.91000000000
11790,Ethiopia,2005,151.02000000000
12610,Ethiopia,2010,211.84000000000
17839,Fiji,1960,0.01000000000
17844,Fiji,1965,0.01000000000
36,Fiji,1970,0.01000000000
712,Fiji,1975,0.01000000000
1423,Fiji,1980,0.01000000000
2145,Fiji,1985,0.01000000000
2870,Fiji,1990,0.01000000000
3651,Fiji,1995,0.01000000000
10971,Fiji,2000,0.01000000000
11791,Fiji,2005,0.01000000000
37,Finland,1970,0.18000000000
713,Finland,1975,0.26000000000
1424,Finland,1980,0.58000000000
2146,Finland,1985,1.32000000000
2871,Finland,1990,1.01000000000
3652,Finland,1995,0.96000000000
10972,Finland,2000,0.88000000000
11792,Finland,2005,0.10000000000
12612,Finland,2010,0.15000000000
7242,France,1930,1.80000000000
7564,France,1935,1.30000000000
7894,France,1940,1.10000000000
8218,France,1945,0.80000000000
8588,France,1950,0.20000000000
9002,France,1955,0.10000000000
4291,France,1960,0.17000000000
4885,France,1965,0.49000000000
38,France,1970,0.35000000000
714,France,1975,0.80000000000
1425,France,1980,1.20000000000
2147,France,1985,2.70000000000
2872,France,1990,4.00000000000
3653,France,1995,3.60000000000
10973,France,2000,3.70000000000
11793,France,2005,2.20000000000
12613,France,2010,5.12000000000
17908,Gabon,1915,1.80000000000
17909,Gabon,1920,6.20000000000
17910,Gabon,1925,2.10000000000
17911,Gabon,1930,1.90000000000
17912,Gabon,1935,0.08000000000
17913,Gabon,1940,0.02000000000
17914,Gabon,1945,0.04500000000
17915,Gabon,1950,0.12000000000
17920,Gabon,1955,0.24000000000
4292,Gabon,1960,0.47000000000
4886,Gabon,1965,0.70000000000
39,Gabon,1970,0.47000000000
715,Gabon,1975,0.12000000000
1426,Gabon,1980,0.60000000000
2148,Gabon,1985,0.90000000000
2873,Gabon,1990,0.16000000000
3654,Gabon,1995,0.47000000000
10974,Gabon,2000,0.04000000000
11794,Gabon,2005,0.05000000000
12614,Gabon,2010,0.04000000000
7243,Germany,1930,0.30000000000
7565,Germany,1935,0.10000000000
7895,Germany,1940,0.10000000000
17736,Germany,1945,0.10000000000
8589,West Germany,1950,0.10000000000
9003,West Germany,1955,1.00000000000
4293,West Germany,1960,0.38000000000
4888,West Germany,1965,0.90000000000
41,West Germany,1970,3.80000000000
717,West Germany,1975,8.50000000000
1428,West Germany,1980,2.47000000000
2150,West Germany,1985,3.80000000000
2875,West Germany,1990,2.60000000000
3657,Germany,1995,7.04000000000
10977,Germany,2000,16.70000000000
11797,Germany,2005,26.40000000000
12617,Germany,2010,32.84600000000
18005,Ghana,1940,0.71000000000
18006,Ghana,1945,0.86000000000
18007,Ghana,1950,1.10000000000
18012,Ghana,1955,1.30000000000
4294,Ghana,1960,1.70000000000
4889,Ghana,1965,1.64000000000
42,Ghana,1970,6.51000000000
718,Ghana,1975,3.40000000000
1429,Ghana,1980,0.10000000000
2151,Ghana,1985,0.42000000000
2876,Ghana,1990,0.31000000000
3658,Ghana,1995,9.10000000000
10978,Ghana,2000,5.41000000000
11798,Ghana,2005,0.81000000000
12618,Ghana,2010,0.24000000000
9004,Greece,1955,0.10000000000
4295,Greece,1960,0.10000000000
4890,Greece,1965,0.10000000000
43,Greece,1970,0.10000000000
719,Greece,1975,0.10000000000
1430,Greece,1980,0.10000000000
2152,Greece,1985,1.10000000000
2877,Greece,1990,1.20000000000
3659,Greece,1995,6.12000000000
10979,Greece,2000,2.70000000000
11799,Greece,2005,1.63000000000
12619,Greece,2010,2.00000000000
5783,Guatemala,1905,4.10000000000
6061,Guatemala,1910,12.10000000000
6337,Guatemala,1915,16.40000000000
6617,Guatemala,1920,42.70000000000
6930,Guatemala,1925,21.10000000000
7245,Guatemala,1930,55.50000000000
7567,Guatemala,1935,40.30000000000
7897,Guatemala,1940,41.50000000000
8220,Guatemala,1945,51.30000000000
8591,Guatemala,1950,58.90000000000
9005,Guatemala,1955,58.40000000000
4296,Guatemala,1960,79.01000000000
4891,Guatemala,1965,95.28000000000
44,Guatemala,1970,95.13000000000
720,Guatemala,1975,135.75000000000
1431,Guatemala,1980,128.71000000000
2153,Guatemala,1985,172.51000000000
2878,Guatemala,1990,0.02000000000
3660,Guatemala,1995,206.79000000000
10980,Guatemala,2000,291.54000000000
11800,Guatemala,2005,201.93000000000
12620,Guatemala,2010,235.41000000000
18020,Guinea,1920,2.20000000000
18021,Guinea,1925,0.01000000000
18022,Guinea,1930,0.04000000000
18023,Guinea,1935,0.06000000000
18024,Guinea,1940,2.70000000000
18025,Guinea,1945,5.10000000000
18026,Guinea,1950,9.90000000000
18031,Guinea,1955,21.10000000000
4297,Guinea,1960,19.17000000000
4892,Guinea,1965,10.80000000000
45,Guinea,1970,11.00000000000
721,Guinea,1975,3.36000000000
1432,Guinea,1980,2.90000000000
2154,Guinea,1985,0.50000000000
2879,Guinea,1990,7.82000000000
3661,Guinea,1995,19.03000000000
10981,Guinea,2000,11.80000000000
11801,Guinea,2005,14.60000000000
12621,Guinea,2010,17.50000000000
2880,Guinea-Bissau,1990,0.15000000000
3662,Guinea-Bissau,1995,0.02000000000
10982,Guinea-Bissau,2000,0.05000000000
11802,Guinea-Bissau,2005,0.01000000000
18061,Guyana,1915,0.90000000000
18062,Guyana,1920,1.80000000000
18063,Guyana,1925,2.10000000000
18064,Guyana,1930,3.20000000000
18065,Guyana,1935,24.60000000000
18066,Guyana,1940,4.70000000000
18067,Guyana,1945,3.10000000000
18068,Guyana,1950,1.10000000000
18069,Guyana,1955,0.75000000000
18070,Guyana,1960,0.23000000000
18075,Guyana,1965,0.12000000000
46,Guyana,1970,0.16000000000
723,Guyana,1975,0.03000000000
1434,Guyana,1980,0.01000000000
2156,Guyana,1985,0.02000000000
2881,Guyana,1990,0.04000000000
3663,Guyana,1995,0.05000000000
10983,Guyana,2000,0.01000000000
11803,Guyana,2005,0.01000000000
6062,Haiti,1910,1.20000000000
6338,Haiti,1915,9.10000000000
18076,Haiti,1920,22.60000000000
18081,Haiti,1925,25.40000000000
18086,Haiti,1930,34.30000000000
7568,Haiti,1935,19.00000000000
7898,Haiti,1940,16.20000000000
8221,Haiti,1945,30.00000000000
8592,Haiti,1950,23.40000000000
9006,Haiti,1955,19.60000000000
4298,Haiti,1960,16.66000000000
4893,Haiti,1965,22.65000000000
47,Haiti,1970,16.19000000000
724,Haiti,1975,17.82000000000
1435,Haiti,1980,24.98000000000
2157,Haiti,1985,18.20000000000
2882,Haiti,1990,9.51000000000
3664,Haiti,1995,7.60000000000
10984,Haiti,2000,4.78000000000
11804,Haiti,2005,1.49000000000
12624,Haiti,2010,0.48000000000
6618,Honduras,1920,0.75000000000
6931,Honduras,1925,1.00000000000
7246,Honduras,1930,1.30000000000
7569,Honduras,1935,1.10000000000
7899,Honduras,1940,1.20000000000
8222,Honduras,1945,2.70000000000
8593,Honduras,1950,6.00000000000
9007,Honduras,1955,10.70000000000
4299,Honduras,1960,12.57000000000
4894,Honduras,1965,24.91000000000
48,Honduras,1970,25.58000000000
725,Honduras,1975,48.80000000000
1436,Honduras,1980,59.87000000000
2158,Honduras,1985,71.52000000000
2883,Honduras,1990,93.72000000000
3665,Honduras,1995,106.56000000000
10985,Honduras,2000,66.51000000000
11805,Honduras,2005,145.74000000000
12625,Honduras,2010,214.97000000000
8594,Hungary,1950,1.00000000000
9008,Hungary,1955,2.10000000000
4300,Hungary,1960,1.00000000000
4895,Hungary,1965,1.00000000000
49,Hungary,1970,1.00000000000
726,Hungary,1975,1.00000000000
1437,Hungary,1980,1.00000000000
2159,Hungary,1985,1.00000000000
2884,Hungary,1990,1.00000000000
3666,Hungary,1995,1.52000000000
10986,Hungary,2000,2.27000000000
11806,Hungary,2005,0.07000000000
12626,Hungary,2010,0.99000000000
18211,India,1925,1.10000000000
18216,India,1930,1.20000000000
18221,India,1935,8.00000000000
18226,India,1940,2.70000000000
18231,India,1945,1.20000000000
8596,India,1950,3.80000000000
9010,India,1955,4.40000000000
4302,India,1960,31.95000000000
4897,India,1965,24.67000000000
51,India,1970,29.56000000000
728,India,1975,59.75000000000
1439,India,1980,80.38000000000
2161,India,1985,96.69000000000
2886,India,1990,82.97000000000
3668,India,1995,143.80000000000
10988,India,2000,161.51000000000
11808,India,2005,157.21000000000
12628,India,2010,177.93000000000
18275,Indonesia,1910,4.30000000000
18280,Indonesia,1915,9.80000000000
18285,Indonesia,1920,15.40000000000
18290,Indonesia,1925,12.10000000000
18295,Indonesia,1930,61.10000000000
18300,Indonesia,1935,81.50000000000
18305,Indonesia,1940,39.90000000000
8225,Indonesia,1945,23.10000000000
8597,Indonesia,1950,13.60000000000
9011,Indonesia,1955,23.20000000000
4303,Indonesia,1960,65.50000000000
4898,Indonesia,1965,105.09000000000
52,Indonesia,1970,104.41000000000
729,Indonesia,1975,128.40000000000
1440,Indonesia,1980,238.68000000000
2162,Indonesia,1985,282.67000000000
2887,Indonesia,1990,421.63000000000
3669,Indonesia,1995,230.07000000000
10989,Indonesia,2000,337.60000000000
11809,Indonesia,2005,443.37000000000
12629,Indonesia,2010,432.78000000000
2888,Iran,1990,0.01000000000
3670,Iran,1995,0.01000000000
10990,Iran,2000,0.01000000000
11810,Iran,2005,0.28000000000
2968,Ireland,1990,0.08000000000
3761,Ireland,1995,0.01000000000
11081,Ireland,2000,0.09000000000
11901,Ireland,2005,0.08000000000
12721,Ireland,2010,0.10000000000
9014,Israel,1955,0.01000000000
4306,Israel,1960,0.01000000000
4901,Israel,1965,0.01000000000
55,Israel,1970,0.01000000000
732,Israel,1975,0.01000000000
1443,Israel,1980,0.04000000000
2165,Israel,1985,1.90000000000
2890,Israel,1990,0.04000000000
3672,Israel,1995,0.10000000000
10992,Israel,2000,0.42000000000
11812,Israel,2005,0.29000000000
12632,Israel,2010,0.13000000000
4307,Italy,1960,0.10000000000
4902,Italy,1965,0.11000000000
56,Italy,1970,0.13000000000
733,Italy,1975,0.05000000000
1444,Italy,1980,0.35000000000
2166,Italy,1985,0.01000000000
2891,Italy,1990,3.10000000000
3673,Italy,1995,2.22000000000
10993,Italy,2000,7.44000000000
11813,Italy,2005,6.34000000000
12633,Italy,2010,7.54000000000
18388,Jamaica,1910,0.80000000000
18390,Jamaica,1915,1.10000000000
18391,Jamaica,1920,1.20000000000
18392,Jamaica,1925,1.80000000000
18393,Jamaica,1930,3.10000000000
18394,Jamaica,1935,3.40000000000
18396,Jamaica,1940,2.70000000000
18400,Jamaica,1945,2.50000000000
18405,Jamaica,1950,1.30000000000
18410,Jamaica,1955,2.00000000000
18415,Jamaica,1960,0.79000000000
4904,Jamaica,1965,0.68000000000
58,Jamaica,1970,0.70000000000
735,Jamaica,1975,0.98000000000
1446,Jamaica,1980,0.89000000000
2168,Jamaica,1985,0.80000000000
2893,Jamaica,1990,0.74000000000
3675,Jamaica,1995,1.66000000000
10995,Jamaica,2000,1.87000000000
11815,Jamaica,2005,1.31000000000
12635,Jamaica,2010,0.82000000000
7574,Japan,1935,0.20000000000
7904,Japan,1940,0.01000000000
8229,Japan,1945,0.01000000000
8602,Japan,1950,0.01000000000
9016,Japan,1955,0.01000000000
4309,Japan,1960,0.01000000000
4905,Japan,1965,0.20000000000
59,Japan,1970,0.01000000000
736,Japan,1975,0.01000000000
1447,Japan,1980,0.01000000000
2169,Japan,1985,0.01000000000
2894,Japan,1990,0.21000000000
3676,Japan,1995,0.50000000000
10996,Japan,2000,0.01000000000
11816,Japan,2005,0.15000000000
12636,Japan,2010,0.02000000000
8603,Jordan,1950,0.10000000000
9017,Jordan,1955,0.10000000000
4310,Jordan,1960,0.10000000000
4906,Jordan,1965,0.10000000000
60,Jordan,1970,0.10000000000
737,Jordan,1975,0.46000000000
1448,Jordan,1980,0.84000000000
2170,Jordan,1985,0.23000000000
2895,Jordan,1990,0.04000000000
3677,Jordan,1995,1.84000000000
10997,Jordan,2000,1.03000000000
11817,Jordan,2005,0.20000000000
12637,Jordan,2010,0.81000000000
18478,Kenya,1905,1.10000000000
18479,Kenya,1910,2.10000000000
18480,Kenya,1915,6.90000000000
18481,Kenya,1920,8.00000000000
18482,Kenya,1925,3.80000000000
18483,Kenya,1930,4.50000000000
18484,Kenya,1935,3.50000000000
18485,Kenya,1940,7.10000000000
18486,Kenya,1945,5.10000000000
18487,Kenya,1950,10.40000000000
18492,Kenya,1955,22.10000000000
18497,Kenya,1960,33.26000000000
4907,Kenya,1965,38.65000000000
61,Kenya,1970,53.86000000000
738,Kenya,1975,67.75000000000
1449,Kenya,1980,80.33000000000
2171,Kenya,1985,104.68000000000
2896,Kenya,1990,112.37000000000
3679,Kenya,1995,80.56000000000
10999,Kenya,2000,86.95000000000
11819,Kenya,2005,49.74000000000
12639,Kenya,2010,43.14000000000
18505,Kuwait,1955,0.10000000000
18510,Kuwait,1960,0.20000000000
4910,Kuwait,1965,0.20000000000
64,Kuwait,1970,3.49000000000
741,Kuwait,1975,0.76000000000
1452,Kuwait,1980,0.12000000000
2174,Kuwait,1985,0.50000000000
2899,Kuwait,1990,0.65000000000
3683,Kuwait,1995,0.10000000000
11003,Kuwait,2000,0.10000000000
11823,Kuwait,2005,0.08000000000
12643,Kuwait,2010,0.03000000000
18567,Laos,1930,0.10000000000
18568,Laos,1935,3.30000000000
18569,Laos,1940,0.20000000000
18570,Laos,1945,0.10000000000
18571,Laos,1950,0.20000000000
9020,Laos,1955,0.07000000000
4313,Laos,1960,0.09000000000
4911,Laos,1965,0.37000000000
65,Laos,1970,0.84000000000
742,Laos,1975,0.38000000000
1453,Laos,1980,1.22000000000
2175,Laos,1985,4.35000000000
2900,Laos,1990,1.52000000000
3684,Laos,1995,7.81000000000
11004,Laos,2000,17.28000000000
11824,Laos,2005,14.12000000000
3685,Latvia,1995,0.03000000000
11005,Latvia,2000,0.10000000000
11825,Latvia,2005,0.14000000000
12645,Latvia,2010,0.03000000000
66,Lebanon,1970,0.10000000000
743,Lebanon,1975,0.10000000000
1454,Lebanon,1980,0.10000000000
2176,Lebanon,1985,0.10000000000
2901,Lebanon,1990,0.10000000000
3686,Lebanon,1995,0.20000000000
11006,Lebanon,2000,0.02000000000
11826,Lebanon,2005,6.59000000000
12646,Lebanon,2010,0.08000000000
7906,Liberia,1940,0.60000000000
8232,Liberia,1945,0.50000000000
8607,Liberia,1950,0.40000000000
9022,Liberia,1955,0.30000000000
4315,Liberia,1960,0.99000000000
4913,Liberia,1965,3.19000000000
68,Liberia,1970,4.97000000000
745,Liberia,1975,4.15000000000
1456,Liberia,1980,12.74000000000
2178,Liberia,1985,11.09000000000
2903,Liberia,1990,1.61000000000
3688,Liberia,1995,0.01000000000
11008,Liberia,2000,0.22000000000
11828,Liberia,2005,0.05000000000
12648,Liberia,2010,0.06000000000
2904,Libya,1990,0.02000000000
3689,Libya,1995,0.02000000000
11009,Libya,2000,0.01000000000
11829,Libya,2005,0.01000000000
3690,Lithuania,1995,0.01000000000
11010,Lithuania,2000,0.10000000000
11830,Lithuania,2005,0.01000000000
12650,Lithuania,2010,0.07000000000
11905,Macedonia,2005,0.05000000000
16170,Madagascar,1915,1.10000000000
16171,Madagascar,1920,1.20000000000
16172,Madagascar,1925,5.50000000000
16173,Madagascar,1930,6.60000000000
16174,Madagascar,1935,15.50000000000
16175,Madagascar,1940,20.20000000000
16176,Madagascar,1945,26.90000000000
16177,Madagascar,1950,44.80000000000
16182,Madagascar,1955,47.40000000000
4318,Madagascar,1960,39.81000000000
4916,Madagascar,1965,50.06000000000
71,Madagascar,1970,51.94000000000
748,Madagascar,1975,67.44000000000
1459,Madagascar,1980,69.47000000000
2181,Madagascar,1985,41.66000000000
2906,Madagascar,1990,47.82000000000
3692,Madagascar,1995,35.24000000000
11012,Madagascar,2000,4.92000000000
11832,Madagascar,2005,5.44000000000
12652,Madagascar,2010,8.30000000000
16190,Malawi,1920,0.10000000000
16191,Malawi,1925,0.10000000000
16192,Malawi,1930,0.47000000000
16193,Malawi,1935,0.54000000000
16194,Malawi,1940,0.37000000000
16195,Malawi,1945,0.63000000000
16196,Malawi,1950,0.75000000000
16201,Malawi,1955,1.80000000000
16206,Malawi,1960,0.15000000000
4917,Malawi,1965,0.03000000000
72,Malawi,1970,0.14000000000
749,Malawi,1975,0.19000000000
1460,Malawi,1980,0.45000000000
2182,Malawi,1985,3.33000000000
2907,Malawi,1990,5.75000000000
3693,Malawi,1995,5.64000000000
11013,Malawi,2000,3.37000000000
11833,Malawi,2005,1.25000000000
12653,Malawi,2010,0.90000000000
16231,Malaysia,1930,3.10000000000
16236,Malaysia,1935,2.60000000000
16241,Malaysia,1940,3.90000000000
16244,Malaysia,1945,6.30000000000
16248,Malaysia,1950,9.50000000000
16253,Malaysia,1955,10.00000000000
4319,Malaysia,1960,5.05000000000
4918,Malaysia,1965,0.79000000000
73,Malaysia,1970,0.77000000000
750,Malaysia,1975,1.52000000000
1461,Malaysia,1980,1.78000000000
2183,Malaysia,1985,3.15000000000
2908,Malaysia,1990,0.34000000000
3694,Malaysia,1995,0.55000000000
11014,Malaysia,2000,0.48000000000
11834,Malaysia,2005,0.67000000000
12654,Malaysia,2010,1.10000000000
16255,Mali,1940,0.68000000000
16256,Mali,1945,0.75000000000
16257,Mali,1950,1.20000000000
16262,Mali,1955,0.75000000000
4320,Mali,1960,1.10000000000
4919,Mali,1965,1.62000000000
74,Mali,1970,1.72000000000
751,Mali,1975,1.10000000000
1462,Mali,1980,1.25000000000
2184,Mali,1985,1.38000000000
2909,Mali,1990,0.98000000000
3695,Mali,1995,0.48000000000
11015,Mali,2000,0.25000000000
11835,Mali,2005,0.30000000000
16267,Mauritania,1940,0.20000000000
16268,Mauritania,1945,0.10000000000
16269,Mauritania,1950,0.10000000000
16274,Mauritania,1955,0.10000000000
4321,Mauritania,1960,0.10000000000
4920,Mauritania,1965,0.10000000000
75,Mauritania,1970,0.10000000000
752,Mauritania,1975,0.10000000000
1463,Mauritania,1980,0.10000000000
2185,Mauritania,1985,0.10000000000
2910,Mauritania,1990,0.10000000000
3696,Mauritania,1995,0.10000000000
11016,Mauritania,2000,0.10000000000
11836,Mauritania,2005,0.10000000000
16293,Mauritius,1935,0.06000000000
16294,Mauritius,1940,0.04000000000
16295,Mauritius,1945,0.03200000000
16296,Mauritius,1950,0.02000000000
16301,Mauritius,1955,0.01000000000
16306,Mauritius,1960,0.01000000000
16311,Mauritius,1965,0.01000000000
76,Mauritius,1970,0.01000000000
753,Mauritius,1975,0.01000000000
1464,Mauritius,1980,0.01000000000
2186,Mauritius,1985,0.01000000000
2911,Mauritius,1990,0.01000000000
3697,Mauritius,1995,0.01000000000
11017,Mauritius,2000,0.01000000000
11837,Mauritius,2005,0.01000000000
5792,Mexico,1905,13.50000000000
6070,Mexico,1910,21.80000000000
6345,Mexico,1915,26.20000000000
6626,Mexico,1920,29.30000000000
6939,Mexico,1925,34.80000000000
7254,Mexico,1930,30.70000000000
7578,Mexico,1935,31.70000000000
7908,Mexico,1940,25.80000000000
8234,Mexico,1945,35.70000000000
8609,Mexico,1950,46.00000000000
9025,Mexico,1955,83.50000000000
4322,Mexico,1960,89.22000000000
4921,Mexico,1965,78.08000000000
77,Mexico,1970,80.91000000000
754,Mexico,1975,137.85000000000
1465,Mexico,1980,157.77000000000
2187,Mexico,1985,211.66000000000
2912,Mexico,1990,202.40000000000
3698,Mexico,1995,187.17000000000
11018,Mexico,2000,280.06000000000
11838,Mexico,2005,86.99000000000
12658,Mexico,2010,102.60000000000
16389,Morocco,1935,0.01000000000
16390,Morocco,1940,0.01000000000
16391,Morocco,1945,0.01000000000
16392,Morocco,1950,0.01000000000
16397,Morocco,1955,0.01000000000
4324,Morocco,1960,0.01000000000
4923,Morocco,1965,0.01000000000
79,Morocco,1970,0.01000000000
756,Morocco,1975,0.01000000000
1467,Morocco,1980,0.01000000000
2189,Morocco,1985,0.01000000000
2914,Morocco,1990,0.01000000000
3701,Morocco,1995,0.01000000000
11021,Morocco,2000,0.01000000000
11841,Morocco,2005,0.01000000000
16403,Mozambique,1930,1.30000000000
16404,Mozambique,1935,0.80000000000
16405,Mozambique,1940,0.75000000000
16406,Mozambique,1945,0.63000000000
16407,Mozambique,1950,0.55000000000
16412,Mozambique,1955,0.10000000000
16417,Mozambique,1960,0.10000000000
16422,Mozambique,1965,0.10000000000
16427,Mozambique,1970,0.10000000000
757,Mozambique,1975,0.10000000000
1468,Mozambique,1980,0.10000000000
2190,Mozambique,1985,0.10000000000
2915,Mozambique,1990,0.02000000000
3702,Mozambique,1995,0.10000000000
11022,Mozambique,2000,0.10000000000
11842,Mozambique,2005,0.10000000000
12662,Mozambique,2010,0.04000000000
16432,Myanmar,1935,0.12000000000
16433,Myanmar,1940,0.89000000000
16434,Myanmar,1945,1.10000000000
8574,Myanmar,1950,0.25000000000
8987,Myanmar,1955,0.37000000000
4271,Myanmar,1960,0.48000000000
4863,Myanmar,1965,0.51000000000
15,Myanmar,1970,0.54000000000
690,Myanmar,1975,0.58900000000
1400,Myanmar,1980,0.62000000000
2122,Myanmar,1985,0.38000000000
2847,Myanmar,1990,0.45000000000
3626,Myanmar,1995,0.26000000000
10946,Myanmar,2000,0.23000000000
11766,Myanmar,2005,0.05000000000
12586,Myanmar,2010,0.06000000000
16440,Namibia,1955,0.01000000000
16445,Namibia,1960,0.01000000000
16450,Namibia,1965,0.01000000000
16455,Namibia,1970,0.01000000000
16460,Namibia,1975,0.01000000000
16465,Namibia,1980,0.01000000000
16470,Namibia,1985,0.01000000000
16475,Namibia,1990,0.01000000000
3703,Namibia,1995,0.01000000000
11023,Namibia,2000,0.01000000000
11843,Namibia,2005,0.01000000000
8611,Nepal,1950,0.01000000000
9027,Nepal,1955,0.01000000000
4325,Nepal,1960,0.01000000000
4924,Nepal,1965,0.01000000000
80,Nepal,1970,0.01000000000
758,Nepal,1975,0.01000000000
1469,Nepal,1980,0.01000000000
2191,Nepal,1985,0.01000000000
2916,Nepal,1990,0.01000000000
3704,Nepal,1995,0.01000000000
11024,Nepal,2000,0.01000000000
11844,Nepal,2005,0.07000000000
12664,Nepal,2010,0.06000000000
6941,Netherlands,1925,2.10000000000
7256,Netherlands,1930,9.50000000000
7580,Netherlands,1935,4.30000000000
7911,Netherlands,1940,1.30000000000
8237,Netherlands,1945,1.10000000000
8612,Netherlands,1950,3.20000000000
9028,Netherlands,1955,0.20000000000
4326,Netherlands,1960,2.15000000000
4925,Netherlands,1965,5.65000000000
81,Netherlands,1970,6.70000000000
759,Netherlands,1975,26.01000000000
1470,Netherlands,1980,11.57000000000
2192,Netherlands,1985,21.29000000000
2917,Netherlands,1990,12.42000000000
3705,Netherlands,1995,11.20000000000
11025,Netherlands,2000,7.63000000000
11845,Netherlands,2005,5.72000000000
12665,Netherlands,2010,16.01000000000
7581,New Zealand,1935,1.30000000000
7912,New Zealand,1940,0.70000000000
8238,New Zealand,1945,0.60000000000
8613,New Zealand,1950,1.70000000000
9029,New Zealand,1955,0.75000000000
4327,New Zealand,1960,0.60000000000
4926,New Zealand,1965,0.40000000000
82,New Zealand,1970,0.50000000000
760,New Zealand,1975,0.60000000000
1471,New Zealand,1980,0.70000000000
2193,New Zealand,1985,0.10000000000
2918,New Zealand,1990,0.10000000000
3706,New Zealand,1995,0.04000000000
11026,New Zealand,2000,0.01000000000
11846,New Zealand,2005,0.01000000000
12666,New Zealand,2010,0.10000000000
6349,Nicaragua,1915,5.30000000000
6630,Nicaragua,1920,6.90000000000
6943,Nicaragua,1925,8.70000000000
7258,Nicaragua,1930,15.30000000000
7582,Nicaragua,1935,18.50000000000
7913,Nicaragua,1940,15.30000000000
8239,Nicaragua,1945,12.20000000000
8614,Nicaragua,1950,21.00000000000
9030,Nicaragua,1955,22.80000000000
4328,Nicaragua,1960,20.97000000000
4927,Nicaragua,1965,28.20000000000
83,Nicaragua,1970,29.89000000000
761,Nicaragua,1975,40.46000000000
1472,Nicaragua,1980,46.00000000000
2194,Nicaragua,1985,40.20000000000
2919,Nicaragua,1990,29.33000000000
3707,Nicaragua,1995,37.59000000000
11027,Nicaragua,2000,82.35000000000
11847,Nicaragua,2005,56.37000000000
12667,Nicaragua,2010,101.90000000000
16518,Niger,1945,1.00000000000
16519,Niger,1950,1.00000000000
16524,Niger,1955,1.00000000000
4329,Niger,1960,1.00000000000
4928,Niger,1965,1.00000000000
84,Niger,1970,1.00000000000
762,Niger,1975,0.50000000000
1473,Niger,1980,2.00000000000
2195,Niger,1985,2.00000000000
2920,Niger,1990,2.00000000000
3708,Niger,1995,1.50000000000
11028,Niger,2000,1.60000000000
11848,Niger,2005,1.70000000000
16532,Nigeria,1915,0.20000000000
16533,Nigeria,1920,0.58000000000
16534,Nigeria,1925,0.42000000000
16535,Nigeria,1930,0.63000000000
16536,Nigeria,1935,0.75000000000
16537,Nigeria,1940,0.37000000000
16538,Nigeria,1945,0.48000000000
16539,Nigeria,1950,0.63000000000
16544,Nigeria,1955,0.70000000000
4330,Nigeria,1960,0.59000000000
4929,Nigeria,1965,0.77000000000
85,Nigeria,1970,2.83000000000
763,Nigeria,1975,1.09000000000
1474,Nigeria,1980,2.20000000000
2196,Nigeria,1985,0.07000000000
2921,Nigeria,1990,0.97000000000
3709,Nigeria,1995,0.84000000000
11029,Nigeria,2000,0.31000000000
11849,Nigeria,2005,0.28000000000
12669,Nigeria,2010,0.16000000000
4331,Norway,1960,0.01000000000
4930,Norway,1965,0.02000000000
86,Norway,1970,0.27000000000
764,Norway,1975,0.18000000000
1475,Norway,1980,0.55000000000
2197,Norway,1985,0.01000000000
2922,Norway,1990,0.40000000000
3710,Norway,1995,0.05000000000
11030,Norway,2000,0.09000000000
11850,Norway,2005,0.09000000000
12670,Norway,2010,0.42000000000
9032,Oman,1955,0.10000000000
4332,Oman,1960,0.10000000000
4931,Oman,1965,0.10000000000
87,Oman,1970,0.10000000000
765,Oman,1975,0.10000000000
1476,Oman,1980,0.10000000000
2198,Oman,1985,0.02000000000
2923,Oman,1990,0.05000000000
3711,Oman,1995,0.01000000000
11031,Oman,2000,0.09000000000
11851,Oman,2005,0.02000000000
11032,Pakistan,2000,0.02000000000
11852,Pakistan,2005,0.02000000000
6077,Panama,1910,0.10000000000
6352,Panama,1915,2.10000000000
6633,Panama,1920,9.20000000000
6946,Panama,1925,6.50000000000
7261,Panama,1930,5.70000000000
7585,Panama,1935,6.10000000000
7916,Panama,1940,3.20000000000
8242,Panama,1945,0.75000000000
8618,Panama,1950,0.40000000000
9034,Panama,1955,0.20000000000
4334,Panama,1960,0.31000000000
4933,Panama,1965,0.75000000000
89,Panama,1970,1.56000000000
767,Panama,1975,1.56000000000
1478,Panama,1980,3.23000000000
2200,Panama,1985,5.49000000000
2925,Panama,1990,8.19000000000
3713,Panama,1995,12.25000000000
11033,Panama,2000,7.42000000000
11853,Panama,2005,5.24000000000
12673,Panama,2010,3.35000000000
16639,Papua New Guinea,1950,0.21000000000
16640,Papua New Guinea,1955,0.40000000000
16641,Papua New Guinea,1960,2.33000000000
16646,Papua New Guinea,1965,8.83000000000
16651,Papua New Guinea,1970,25.78000000000
768,Papua New Guinea,1975,36.77000000000
1479,Papua New Guinea,1980,51.01000000000
2201,Papua New Guinea,1985,40.61000000000
2926,Papua New Guinea,1990,63.42000000000
3714,Papua New Guinea,1995,56.99000000000
11034,Papua New Guinea,2000,62.64000000000
11854,Papua New Guinea,2005,63.84000000000
12674,Papua New Guinea,2010,58.81000000000
7262,Paraguay,1930,7.10000000000
7586,Paraguay,1935,5.50000000000
7917,Paraguay,1940,4.10000000000
8243,Paraguay,1945,0.75000000000
8619,Paraguay,1950,2.10000000000
9035,Paraguay,1955,1.00000000000
4335,Paraguay,1960,1.81000000000
4934,Paraguay,1965,5.23000000000
90,Paraguay,1970,1.27000000000
769,Paraguay,1975,5.94000000000
1480,Paraguay,1980,0.33000000000
2202,Paraguay,1985,0.05000000000
2927,Paraguay,1990,21.78000000000
3715,Paraguay,1995,0.23000000000
11035,Paraguay,2000,0.26000000000
11855,Paraguay,2005,0.14000000000
5800,Peru,1905,0.83000000000
6079,Peru,1910,0.44000000000
6354,Peru,1915,1.10000000000
6635,Peru,1920,1.70000000000
6948,Peru,1925,2.10000000000
7263,Peru,1930,2.20000000000
7587,Peru,1935,2.20000000000
7918,Peru,1940,1.50000000000
8244,Peru,1945,2.50000000000
8620,Peru,1950,1.00000000000
9036,Peru,1955,6.80000000000
4336,Peru,1960,34.01000000000
4935,Peru,1965,34.57000000000
91,Peru,1970,45.57000000000
770,Peru,1975,42.17000000000
1481,Peru,1980,44.23000000000
2203,Peru,1985,59.39000000000
2928,Peru,1990,55.10000000000
3716,Peru,1995,49.62000000000
11036,Peru,2000,142.91000000000
11856,Peru,2005,142.15000000000
12676,Peru,2010,229.65000000000
16715,Philippines,1940,0.80000000000
16720,Philippines,1945,0.70000000000
8621,Philippines,1950,0.63000000000
9037,Philippines,1955,0.50000000000
4337,Philippines,1960,0.46000000000
4936,Philippines,1965,0.61000000000
92,Philippines,1970,0.14000000000
771,Philippines,1975,2.31000000000
1482,Philippines,1980,15.80000000000
2204,Philippines,1985,30.65000000000
2929,Philippines,1990,9.12000000000
3717,Philippines,1995,2.42000000000
11037,Philippines,2000,0.30000000000
11857,Philippines,2005,0.12000000000
12677,Philippines,2010,0.02000000000
2930,Poland,1990,0.10000000000
3718,Poland,1995,0.20000000000
11038,Poland,2000,6.61000000000
11858,Poland,2005,1.91000000000
12678,Poland,2010,2.18000000000
7265,Portugal,1930,0.30000000000
7589,Portugal,1935,1.40000000000
7920,Portugal,1940,1.90000000000
8246,Portugal,1945,1.10000000000
8623,Portugal,1950,0.75000000000
9039,Portugal,1955,0.63000000000
4339,Portugal,1960,0.50000000000
4938,Portugal,1965,0.10000000000
94,Portugal,1970,0.40000000000
773,Portugal,1975,0.30000000000
1484,Portugal,1980,1.10000000000
2206,Portugal,1985,1.00000000000
2931,Portugal,1990,0.12000000000
3719,Portugal,1995,0.01000000000
11039,Portugal,2000,0.23000000000
11859,Portugal,2005,0.18000000000
12679,Portugal,2010,0.16000000000
16727,Qatar,1950,0.04000000000
16732,Qatar,1955,0.05000000000
16737,Qatar,1960,0.01000000000
16742,Qatar,1965,0.01000000000
16747,Qatar,1970,0.01000000000
774,Qatar,1975,0.01000000000
1485,Qatar,1980,0.01500000000
2207,Qatar,1985,0.02000000000
2932,Qatar,1990,0.02000000000
3720,Qatar,1995,0.01000000000
11040,Qatar,2000,0.01000000000
11860,Qatar,2005,0.01000000000
7268,Republic of South Africa,1930,11.70000000000
7593,Republic of South Africa,1935,0.02000000000
7924,Republic of South Africa,1940,0.20000000000
8250,Republic of South Africa,1945,0.03000000000
8627,Republic of South Africa,1950,0.40000000000
9043,Republic of South Africa,1955,0.10000000000
4345,Republic of South Africa,1960,0.19000000000
4946,Republic of South Africa,1965,0.07000000000
102,Republic of South Africa,1970,0.09000000000
782,Republic of South Africa,1975,0.03000000000
1494,Republic of South Africa,1980,0.20000000000
2216,Republic of South Africa,1985,0.33000000000
2941,Republic of South Africa,1990,0.76000000000
3730,Republic of South Africa,1995,0.43000000000
11050,Republic of South Africa,2000,1.11000000000
11870,Republic of South Africa,2005,1.31000000000
12690,Republic of South Africa,2010,0.64000000000
11041,Romania,2000,0.02000000000
11861,Romania,2005,0.02000000000
12681,Romania,2010,0.02000000000
3722,Russian Federation,1995,0.01000000000
11042,Russian Federation,2000,0.07000000000
11862,Russian Federation,2005,0.02000000000
12682,Russian Federation,2010,0.03000000000
16787,Rwanda,1925,0.25000000000
16788,Rwanda,1930,0.10000000000
16789,Rwanda,1935,0.60000000000
16790,Rwanda,1940,6.30000000000
16791,Rwanda,1945,8.80000000000
16792,Rwanda,1950,10.10000000000
16797,Rwanda,1955,9.20000000000
16802,Rwanda,1960,10.40000000000
4941,Rwanda,1965,10.26000000000
97,Rwanda,1970,13.60000000000
777,Rwanda,1975,26.74000000000
1488,Rwanda,1980,22.42000000000
2210,Rwanda,1985,34.26000000000
2935,Rwanda,1990,44.65000000000
3723,Rwanda,1995,10.12000000000
11043,Rwanda,2000,18.18000000000
11863,Rwanda,2005,21.69000000000
12683,Rwanda,2010,17.57000000000
8249,Saudi Arabia,1945,0.10000000000
8626,Saudi Arabia,1950,0.10000000000
9042,Saudi Arabia,1955,0.10000000000
4342,Saudi Arabia,1960,0.15000000000
4942,Saudi Arabia,1965,0.23000000000
98,Saudi Arabia,1970,0.25000000000
778,Saudi Arabia,1975,0.02000000000
1489,Saudi Arabia,1980,0.14000000000
2211,Saudi Arabia,1985,1.37000000000
2936,Saudi Arabia,1990,0.80000000000
3724,Saudi Arabia,1995,0.15000000000
11044,Saudi Arabia,2000,0.50000000000
11864,Saudi Arabia,2005,0.60000000000
12684,Saudi Arabia,2010,1.46000000000
16817,Senegal,1920,5.30000000000
16818,Senegal,1925,3.70000000000
16819,Senegal,1930,3.20000000000
16820,Senegal,1935,1.40000000000
16821,Senegal,1940,0.75000000000
16822,Senegal,1945,0.60000000000
16823,Senegal,1950,0.30000000000
16828,Senegal,1955,0.30000000000
4343,Senegal,1960,0.02000000000
4943,Senegal,1965,0.02000000000
99,Senegal,1970,0.04000000000
779,Senegal,1975,0.01000000000
1490,Senegal,1980,0.68000000000
2212,Senegal,1985,0.50000000000
2937,Senegal,1990,0.40000000000
3725,Senegal,1995,0.40000000000
11045,Senegal,2000,0.20000000000
11865,Senegal,2005,0.50000000000
16839,Sierra Leone,1930,0.27000000000
16840,Sierra Leone,1935,0.43000000000
16841,Sierra Leone,1940,0.50000000000
16842,Sierra Leone,1945,0.20000000000
16843,Sierra Leone,1950,1.10000000000
16848,Sierra Leone,1955,2.10000000000
16853,Sierra Leone,1960,5.10000000000
4944,Sierra Leone,1965,3.94000000000
100,Sierra Leone,1970,6.69000000000
780,Sierra Leone,1975,7.37000000000
1491,Sierra Leone,1980,9.91000000000
2213,Sierra Leone,1985,10.24000000000
2938,Sierra Leone,1990,5.41000000000
3726,Sierra Leone,1995,4.67000000000
11046,Sierra Leone,2000,2.20000000000
11866,Sierra Leone,2005,0.63000000000
12686,Sierra Leone,2010,2.46000000000
3763,Slovakia,1995,0.08000000000
11083,Slovakia,2000,0.02000000000
11903,Slovakia,2005,0.01000000000
12723,Slovakia,2010,0.61000000000
3727,Slovenia,1995,0.06000000000
11047,Slovenia,2000,0.09000000000
11867,Slovenia,2005,0.85000000000
12687,Slovenia,2010,2.78000000000
16967,Somalia,1920,2.90000000000
16968,Somalia,1925,5.40000000000
16969,Somalia,1930,14.10000000000
16970,Somalia,1935,15.20000000000
16971,Somalia,1940,14.20000000000
16972,Somalia,1945,2.30000000000
16973,Somalia,1950,7.40000000000
16978,Somalia,1955,8.50000000000
4344,Somalia,1960,6.30000000000
4945,Somalia,1965,5.80000000000
101,Somalia,1970,9.10000000000
781,Somalia,1975,4.50000000000
1493,Somalia,1980,3.70000000000
2215,Somalia,1985,1.80000000000
2940,Somalia,1990,0.04000000000
3729,Somalia,1995,0.11000000000
11049,Somalia,2000,0.12000000000
11869,Somalia,2005,0.10000000000
2898,South Korea,1990,0.01000000000
3682,South Korea,1995,0.01000000000
11002,South Korea,2000,0.01000000000
11822,South Korea,2005,0.01000000000
12642,South Korea,2010,3.65000000000
7269,Spain,1930,0.02000000000
7594,Spain,1935,0.01000000000
7925,Spain,1940,0.01000000000
8251,Spain,1945,0.01000000000
8628,Spain,1950,0.01000000000
9044,Spain,1955,0.01000000000
4346,Spain,1960,0.01000000000
4947,Spain,1965,0.01000000000
103,Spain,1970,0.01000000000
783,Spain,1975,0.01000000000
1495,Spain,1980,0.03000000000
2217,Spain,1985,0.38000000000
2942,Spain,1990,10.16000000000
3731,Spain,1995,10.73000000000
11051,Spain,2000,14.69000000000
11871,Spain,2005,22.49000000000
12691,Spain,2010,28.55000000000
17059,Sri Lanka,1905,9.21000000000
17064,Sri Lanka,1910,6.85000000000
17069,Sri Lanka,1915,3.50000000000
17074,Sri Lanka,1920,1.90000000000
17079,Sri Lanka,1925,0.84000000000
17084,Sri Lanka,1930,1.10000000000
17089,Sri Lanka,1935,0.80000000000
17094,Sri Lanka,1940,0.70000000000
17099,Sri Lanka,1945,0.50000000000
8629,Sri Lanka,1950,0.75000000000
9045,Sri Lanka,1955,0.84000000000
4347,Sri Lanka,1960,1.10000000000
4948,Sri Lanka,1965,1.50000000000
104,Sri Lanka,1970,1.15000000000
784,Sri Lanka,1975,1.26000000000
1496,Sri Lanka,1980,0.91000000000
2218,Sri Lanka,1985,4.96000000000
2943,Sri Lanka,1990,1.33000000000
3732,Sri Lanka,1995,1.23000000000
11052,Sri Lanka,2000,0.03000000000
11872,Sri Lanka,2005,0.20000000000
12692,Sri Lanka,2010,0.15000000000
105,Sudan,1970,0.28000000000
785,Sudan,1975,0.32000000000
1497,Sudan,1980,0.43000000000
2219,Sudan,1985,0.50000000000
2944,Sudan,1990,0.63000000000
3733,Sudan,1995,0.82000000000
11053,Sudan,2000,0.78000000000
11873,Sudan,2005,1.00000000000
12693,Sudan,2010,0.01000000000
17125,Suriname,1945,0.60000000000
17126,Suriname,1950,0.30000000000
17127,Suriname,1955,0.40000000000
17128,Suriname,1960,0.37000000000
17133,Suriname,1965,0.17000000000
17138,Suriname,1970,0.30000000000
786,Suriname,1975,0.02000000000
1498,Suriname,1980,0.02000000000
2220,Suriname,1985,0.03000000000
2945,Suriname,1990,0.33000000000
3734,Suriname,1995,0.02000000000
11054,Suriname,2000,0.03000000000
11874,Suriname,2005,0.04000000000
17148,Swaziland,1955,0.01000000000
17153,Swaziland,1960,0.01000000000
17158,Swaziland,1965,0.01000000000
106,Swaziland,1970,0.01000000000
787,Swaziland,1975,0.01000000000
1499,Swaziland,1980,0.01000000000
2221,Swaziland,1985,0.01000000000
2946,Swaziland,1990,0.01000000000
3735,Swaziland,1995,0.01000000000
11055,Swaziland,2000,0.01000000000
11875,Swaziland,2005,0.01000000000
8252,Sweden,1945,0.10000000000
8630,Sweden,1950,0.10000000000
9046,Sweden,1955,0.05000000000
4349,Sweden,1960,0.05000000000
4950,Sweden,1965,0.01000000000
107,Sweden,1970,0.38000000000
788,Sweden,1975,0.03000000000
1500,Sweden,1980,0.15000000000
2222,Sweden,1985,0.28000000000
2947,Sweden,1990,0.30000000000
3736,Sweden,1995,0.06000000000
11056,Sweden,2000,0.14000000000
11876,Sweden,2005,0.24000000000
12696,Sweden,2010,1.08000000000
7271,Switzerland,1930,0.10000000000
7596,Switzerland,1935,0.04000000000
7927,Switzerland,1940,0.01000000000
8253,Switzerland,1945,0.01000000000
8631,Switzerland,1950,0.02000000000
9047,Switzerland,1955,0.03500000000
4350,Switzerland,1960,0.36000000000
4951,Switzerland,1965,0.34000000000
108,Switzerland,1970,0.73000000000
789,Switzerland,1975,1.66000000000
1501,Switzerland,1980,0.60000000000
2223,Switzerland,1985,0.53700000000
2948,Switzerland,1990,0.66000000000
3737,Switzerland,1995,0.17000000000
11057,Switzerland,2000,0.32000000000
11877,Switzerland,2005,0.96000000000
12697,Switzerland,2010,1.10000000000
17170,Syria,1945,0.02000000000
8632,Syria,1950,0.01000000000
9048,Syria,1955,0.01000000000
4351,Syria,1960,0.02000000000
4952,Syria,1965,0.28000000000
109,Syria,1970,0.38000000000
790,Syria,1975,0.06000000000
1502,Syria,1980,0.05000000000
2224,Syria,1985,0.04500000000
2949,Syria,1990,0.03000000000
3738,Syria,1995,0.03000000000
11058,Syria,2000,0.02000000000
11878,Syria,2005,0.03000000000
12698,Syria,2010,0.01000000000
11060,Tajikistan,2000,0.05000000000
11880,Tajikistan,2005,0.05000000000
17293,Tanzania,1935,7.10000000000
17294,Tanzania,1940,7.20000000000
17295,Tanzania,1945,8.90000000000
17296,Tanzania,1950,11.40000000000
17301,Tanzania,1955,18.10000000000
4353,Tanzania,1960,25.01000000000
4954,Tanzania,1965,28.40000000000
111,Tanzania,1970,45.00000000000
792,Tanzania,1975,54.39000000000
1504,Tanzania,1980,43.28000000000
2226,Tanzania,1985,43.63000000000
2951,Tanzania,1990,51.99000000000
3741,Tanzania,1995,37.65000000000
11061,Tanzania,2000,54.17000000000
11881,Tanzania,2005,47.45000000000
7272,Thailand,1930,0.38000000000
7597,Thailand,1935,0.46000000000
7928,Thailand,1940,0.50000000000
8254,Thailand,1945,1.10000000000
8634,Thailand,1950,1.20000000000
9050,Thailand,1955,0.80000000000
4354,Thailand,1960,0.20000000000
4955,Thailand,1965,0.38000000000
112,Thailand,1970,0.12000000000
793,Thailand,1975,1.20000000000
1505,Thailand,1980,2.03000000000
2227,Thailand,1985,20.60000000000
2952,Thailand,1990,60.33000000000
3742,Thailand,1995,76.11000000000
11062,Thailand,2000,58.45000000000
11882,Thailand,2005,16.04000000000
12702,Thailand,2010,0.32000000000
2835,The Bahamas,1990,0.02000000000
3612,The Bahamas,1995,0.01000000000
10932,The Bahamas,2000,0.02000000000
11752,The Bahamas,2005,0.04000000000
17319,The Gambia,1955,0.01000000000
17320,The Gambia,1960,0.01000000000
4887,The Gambia,1965,0.01000000000
40,The Gambia,1970,0.01000000000
716,The Gambia,1975,0.01000000000
1427,The Gambia,1980,0.01000000000
2149,The Gambia,1985,0.01000000000
2874,The Gambia,1990,0.02000000000
3655,The Gambia,1995,0.02300000000
10975,The Gambia,2000,0.01000000000
11795,The Gambia,2005,0.01000000000
17327,Togo,1915,0.01000000000
17328,Togo,1920,0.10000000000
17329,Togo,1925,0.08000000000
17330,Togo,1930,0.10000000000
17331,Togo,1935,0.10000000000
17332,Togo,1940,0.70000000000
17333,Togo,1945,4.10000000000
17334,Togo,1950,1.20000000000
17339,Togo,1955,5.60000000000
17344,Togo,1960,10.23000000000
4956,Togo,1965,10.66000000000
113,Togo,1970,13.37000000000
794,Togo,1975,7.94000000000
1506,Togo,1980,9.02000000000
2228,Togo,1985,10.01000000000
2953,Togo,1990,14.24000000000
3743,Togo,1995,12.55000000000
11063,Togo,2000,13.50000000000
11883,Togo,2005,6.51000000000
12703,Togo,2010,10.62000000000
17352,Trinidad and Tobago,1915,0.15000000000
17353,Trinidad and Tobago,1920,0.10000000000
17354,Trinidad and Tobago,1925,0.30000000000
17355,Trinidad and Tobago,1930,0.20000000000
17356,Trinidad and Tobago,1935,0.50000000000
17357,Trinidad and Tobago,1940,0.50000000000
17358,Trinidad and Tobago,1945,0.60000000000
17363,Trinidad and Tobago,1950,0.70000000000
17368,Trinidad and Tobago,1955,1.40000000000
17373,Trinidad and Tobago,1960,2.26000000000
4957,Trinidad and Tobago,1965,3.45000000000
114,Trinidad and Tobago,1970,2.02000000000
795,Trinidad and Tobago,1975,3.14000000000
1507,Trinidad and Tobago,1980,0.90000000000
2229,Trinidad and Tobago,1985,1.08000000000
2954,Trinidad and Tobago,1990,0.47000000000
3744,Trinidad and Tobago,1995,0.01000000000
11064,Trinidad and Tobago,2000,0.02000000000
11884,Trinidad and Tobago,2005,0.03000000000
8255,Turkey,1945,0.01500000000
8635,Turkey,1950,0.01000000000
9051,Turkey,1955,0.01000000000
4356,Turkey,1960,0.01000000000
4959,Turkey,1965,0.01000000000
116,Turkey,1970,0.02300000000
797,Turkey,1975,0.02000000000
1509,Turkey,1980,0.01500000000
2231,Turkey,1985,0.01500000000
2956,Turkey,1990,0.01000000000
3746,Turkey,1995,0.01000000000
11066,Turkey,2000,0.01000000000
11886,Turkey,2005,0.01000000000
12706,Turkey,2010,0.01000000000
17464,Uganda,1915,0.02400000000
17465,Uganda,1920,3.60000000000
17466,Uganda,1925,9.10000000000
17467,Uganda,1930,13.50000000000
17468,Uganda,1935,11.20000000000
17469,Uganda,1940,19.50000000000
17470,Uganda,1945,17.30000000000
17471,Uganda,1950,32.40000000000
17476,Uganda,1955,84.70000000000
17481,Uganda,1960,104.84000000000
4960,Uganda,1965,157.87000000000
117,Uganda,1970,191.24000000000
798,Uganda,1975,193.05000000000
1510,Uganda,1980,110.10000000000
2232,Uganda,1985,151.50000000000
2957,Uganda,1990,132.54000000000
3748,Uganda,1995,168.86000000000
11068,Uganda,2000,142.56000000000
11888,Uganda,2005,141.93000000000
12708,Uganda,2010,151.72000000000
3749,Ukraine,1995,0.02000000000
11069,Ukraine,2000,0.10000000000
11889,Ukraine,2005,0.10000000000
1511,United Arab Emirates,1980,0.70000000000
2233,United Arab Emirates,1985,0.15000000000
2958,United Arab Emirates,1990,0.14000000000
3750,United Arab Emirates,1995,0.26000000000
11070,United Arab Emirates,2000,0.14000000000
11890,United Arab Emirates,2005,0.97000000000
12710,United Arab Emirates,2010,0.67000000000
7274,United Kingdom,1930,2.24000000000
7599,United Kingdom,1935,1.18000000000
7930,United Kingdom,1940,1.60000000000
8256,United Kingdom,1945,6.00000000000
8636,United Kingdom,1950,1.70000000000
9052,United Kingdom,1955,3.80000000000
4357,United Kingdom,1960,4.09000000000
4961,United Kingdom,1965,3.08000000000
118,United Kingdom,1970,2.53000000000
800,United Kingdom,1975,11.03000000000
1512,United Kingdom,1980,3.50000000000
2234,United Kingdom,1985,2.07000000000
2959,United Kingdom,1990,6.56000000000
3751,United Kingdom,1995,5.90000000000
11071,United Kingdom,2000,5.24000000000
11891,United Kingdom,2005,1.91000000000
12711,United Kingdom,2010,5.35000000000
5810,United States of America,1905,1.70000000000
6090,United States of America,1910,1.20000000000
6365,United States of America,1915,1.80000000000
6647,United States of America,1920,2.30000000000
6960,United States of America,1925,3.80000000000
7275,United States of America,1930,6.60000000000
7600,United States of America,1935,5.80000000000
7931,United States of America,1940,5.10000000000
8257,United States of America,1945,4.70000000000
8637,United States of America,1950,4.30000000000
9053,United States of America,1955,1.40000000000
4358,United States of America,1960,26.94000000000
4962,United States of America,1965,31.89000000000
119,United States of America,1970,23.30000000000
801,United States of America,1975,45.63000000000
1513,United States of America,1980,68.19000000000
2235,United States of America,1985,42.97000000000
2960,United States of America,1990,27.27000000000
3752,United States of America,1995,61.14000000000
11072,United States of America,2000,40.71000000000
11892,United States of America,2005,39.97000000000
12712,United States of America,2010,39.33000000000
6366,Uruguay,1915,1.70000000000
6648,Uruguay,1920,3.30000000000
6961,Uruguay,1925,2.10000000000
7276,Uruguay,1930,1.40000000000
7601,Uruguay,1935,1.80000000000
7932,Uruguay,1940,0.10000000000
8258,Uruguay,1945,0.40000000000
8638,Uruguay,1950,0.14000000000
9054,Uruguay,1955,0.15000000000
4359,Uruguay,1960,0.15000000000
4963,Uruguay,1965,0.10000000000
120,Uruguay,1970,0.10000000000
802,Uruguay,1975,0.12000000000
1514,Uruguay,1980,0.73000000000
2236,Uruguay,1985,0.60000000000
2961,Uruguay,1990,0.50000000000
3753,Uruguay,1995,0.11000000000
11073,Uruguay,2000,0.60000000000
11893,Uruguay,2005,0.70000000000
5812,Venezuela,1905,43.60000000000
6092,Venezuela,1910,43.80000000000
6367,Venezuela,1915,37.90000000000
6649,Venezuela,1920,33.40000000000
6962,Venezuela,1925,38.60000000000
7277,Venezuela,1930,47.10000000000
7602,Venezuela,1935,53.60000000000
7933,Venezuela,1940,28.80000000000
8259,Venezuela,1945,28.20000000000
8639,Venezuela,1950,18.60000000000
9055,Venezuela,1955,37.70000000000
4360,Venezuela,1960,24.34000000000
4964,Venezuela,1965,18.12000000000
121,Venezuela,1970,16.83000000000
803,Venezuela,1975,12.93000000000
1515,Venezuela,1980,2.41000000000
2237,Venezuela,1985,8.28000000000
2962,Venezuela,1990,16.70000000000
3755,Venezuela,1995,4.00000000000
11075,Venezuela,2000,1.32000000000
11895,Venezuela,2005,1.60000000000
17612,Vietnam,1905,1.60000000000
17613,Vietnam,1910,1.00000000000
17615,Vietnam,1915,1.00000000000
17616,Vietnam,1920,1.00000000000
17617,Vietnam,1925,1.00000000000
17618,Vietnam,1930,2.00000000000
17619,Vietnam,1935,3.00000000000
17620,Vietnam,1940,1.00000000000
17621,Vietnam,1945,0.50000000000
17622,Vietnam,1950,0.20000000000
17627,Vietnam,1955,0.20000000000
17632,Vietnam,1960,0.17000000000
17637,Vietnam,1965,1.90000000000
17642,Vietnam,1970,2.34000000000
804,Vietnam,1975,2.30000000000
1516,Vietnam,1980,4.02000000000
2238,Vietnam,1985,9.20000000000
2963,Vietnam,1990,35.60000000000
3756,Vietnam,1995,236.76000000000
11076,Vietnam,2000,606.33000000000
11896,Vietnam,2005,839.59000000000
12716,Vietnam,2010,1217.87000000000
7934,Yemen,1940,1.00000000000
17647,Yemen,1945,1.00000000000
17648,Yemen,1950,1.20000000000
17653,Yemen,1955,4.60000000000
17658,Yemen,1960,9.48000000000
17663,Yemen,1965,8.94000000000
17668,Yemen,1970,3.44000000000
17673,Yemen,1975,2.21000000000
17678,Yemen,1980,0.23000000000
17683,Yemen,1985,0.31000000000
17688,Yemen,1990,0.69000000000
3757,Yemen,1995,0.56000000000
11077,Yemen,2000,2.88000000000
11897,Yemen,2005,2.15000000000
12717,Yemen,2010,2.54000000000
17698,Zambia,1940,0.01000000000
17699,Zambia,1945,0.01000000000
17700,Zambia,1950,0.02000000000
17705,Zambia,1955,0.01000000000
17710,Zambia,1960,0.75000000000
4968,Zambia,1965,0.67000000000
126,Zambia,1970,1.10000000000
808,Zambia,1975,0.23000000000
1520,Zambia,1980,0.12000000000
2242,Zambia,1985,0.32000000000
2966,Zambia,1990,1.33000000000
3759,Zambia,1995,0.33000000000
11079,Zambia,2000,4.03000000000
11899,Zambia,2005,6.03000000000
12719,Zambia,2010,1.01000000000
17714,Zimbabwe,1915,1.10000000000
17715,Zimbabwe,1920,3.00000000000
17716,Zimbabwe,1925,1.80000000000
17717,Zimbabwe,1930,1.70000000000
17718,Zimbabwe,1935,1.20000000000
17719,Zimbabwe,1940,0.50000000000
17720,Zimbabwe,1945,0.60000000000
17721,Zimbabwe,1950,0.50000000000
17726,Zimbabwe,1955,0.50000000000
17731,Zimbabwe,1960,0.06000000000
4969,Zimbabwe,1965,0.13000000000
127,Zimbabwe,1970,0.44000000000
809,Zimbabwe,1975,3.31000000000
1521,Zimbabwe,1980,2.98000000000
2243,Zimbabwe,1985,12.13000000000
2967,Zimbabwe,1990,34.59000000000
3760,Zimbabwe,1995,10.07000000000
11080,Zimbabwe,2000,4.76000000000
11900,Zimbabwe,2005,4.33000000000
12720,Zimbabwe,2010,0.28000000000